{
	"1Q": [ //native single-qubit gates of the target hardware
		"id",
		"sx",
		"x",
		"u3"
	],
	"2Q": [ //native two-qubit gate of the target hardware
		"cx"
	],
	"id": {
		"0": 1, //"qubit" : success probability of id
		"1": 1,
		"2": 1,
		"3": 1,
		"4": 1,
		"5": 1,
		"6": 1,
		"7": 1,
		"8": 1,
		"9": 1,
		"10": 1,
		"11": 1,
		"12": 1,
		"13": 1,
		"14": 1,
		"15": 1,
		"16": 1,
		"17": 1,
		"18": 1,
		"19": 1,
		"20": 1
	},
	"sx": {
		"0": 1, //"qubit" : success probability of sx
		"1": 1,
		"2": 1,
		"3": 1,
		"4": 1,
		"5": 1,
		"6": 1,
		"7": 1,
		"8": 1,
		"9": 1,
		"10": 1,
		"11": 1,
		"12": 1,
		"13": 1,
		"14": 1,
		"15": 1,
		"16": 1,
		"17": 1,
		"18": 1,
		"19": 1,
		"20": 1
	},
	"x": {
		"0": 1, //"qubit" : success probability of x
		"1": 1,
		"2": 1,
		"3": 1,
		"4": 1,
		"5": 1,
		"6": 1,
		"7": 1,
		"8": 1,
		"9": 1,
		"10": 1,
		"11": 1,
		"12": 1,
		"13": 1,
		"14": 1,
		"15": 1,
		"16": 1,
		"17": 1,
		"18": 1,
		"19": 1,
		"20": 1
	},
	"u3": {
		"0": 1, //"qubit" : success probability of u3
		"1": 1,
		"2": 1,
		"3": 1,
		"4": 1,
		"5": 1,
		"6": 1,
		"7": 1,
		"8": 1,
		"9": 1,
		"10": 1,
		"11": 1,
		"12": 1,
		"13": 1,
		"14": 1,
		"15": 1,
		"16": 1,
		"17": 1,
		"18": 1,
		"19": 1,
		"20": 1
	},
	"cx": {
		"(0,1)": 0.9629002724287377,
		"(0,5)": 0.9629002724287377,
		"(1,2)": 0.9629002724287377,
		"(2,3)": 0.9629002724287377,
		"(2,6)": 0.9629002724287377,
		"(3,4)": 0.9629002724287377,
		"(4,7)": 0.9629002724287377,
		"(5,8)": 0.9629002724287377,
		"(6,10)": 0.9629002724287377,
		"(7,12)": 0.9629002724287377,
		"(8,9)": 0.9629002724287377,
		"(8,13)": 0.9629002724287377,
		"(9,10)": 0.9629002724287377,
		"(10,11)": 0.9629002724287377,
		"(10,14)": 0.9629002724287377,
		"(11,12)": 0.9629002724287377,
		"(12,15)": 0.9629002724287377,
		"(13,16)": 0.9629002724287377,
		"(14,18)": 0.9629002724287377,
		"(15,20)": 0.9629002724287377,
		"(16,17)": 0.9629002724287377,
		"(17,18)": 0.9629002724287377,
		"(18,19)": 0.9629002724287377,
		"(19,20)": 0.9629002724287377
	}
}