{
	"1Q": [ //native single-qubit gates of the target hardware
		"id",
		"sx",
		"x",
		"u3"
	],
	"2Q": [ //native two-qubit gate of the target hardware
		"cx"
	],
	"id": {
		"0": 1, //"qubit" : success probability of id
		"1": 1,
		"2": 1,
		"3": 1,
		"4": 1,
		"5": 1,
		"6": 1,
		"7": 1,
		"8": 1,
		"9": 1,
		"10": 1,
		"11": 1,
		"12": 1,
		"13": 1,
		"14": 1,
		"15": 1,
		"16": 1,
		"17": 1,
		"18": 1,
		"19": 1,
		"20": 1,
		"21": 1,
		"22": 1,
		"23": 1,
		"24": 1,
		"25": 1,
		"26": 1,
		"27": 1,
		"28": 1,
		"29": 1,
		"30": 1,
		"31": 1,
		"32": 1,
		"33": 1,
		"34": 1,
		"35": 1,
		"36": 1,
		"37": 1,
		"38": 1,
		"39": 1
	},
	"sx": {
		"0": 1, //"qubit" : success probability of sx
		"1": 1,
		"2": 1,
		"3": 1,
		"4": 1,
		"5": 1,
		"6": 1,
		"7": 1,
		"8": 1,
		"9": 1,
		"10": 1,
		"11": 1,
		"12": 1,
		"13": 1,
		"14": 1,
		"15": 1,
		"16": 1,
		"17": 1,
		"18": 1,
		"19": 1,
		"20": 1,
		"21": 1,
		"22": 1,
		"23": 1,
		"24": 1,
		"25": 1,
		"26": 1,
		"27": 1,
		"28": 1,
		"29": 1,
		"30": 1,
		"31": 1,
		"32": 1,
		"33": 1,
		"34": 1,
		"35": 1,
		"36": 1,
		"37": 1,
		"38": 1,
		"39": 1
	},
	"x": {
		"0": 1, //"qubit" : success probability of x
		"1": 1,
		"2": 1,
		"3": 1,
		"4": 1,
		"5": 1,
		"6": 1,
		"7": 1,
		"8": 1,
		"9": 1,
		"10": 1,
		"11": 1,
		"12": 1,
		"13": 1,
		"14": 1,
		"15": 1,
		"16": 1,
		"17": 1,
		"18": 1,
		"19": 1,
		"20": 1,
		"21": 1,
		"22": 1,
		"23": 1,
		"24": 1,
		"25": 1,
		"26": 1,
		"27": 1,
		"28": 1,
		"29": 1,
		"30": 1,
		"31": 1,
		"32": 1,
		"33": 1,
		"34": 1,
		"35": 1,
		"36": 1,
		"37": 1,
		"38": 1,
		"39": 1
	},
	"u3": {
		"0": 1, //"qubit" : success probability of u3
		"1": 1,
		"2": 1,
		"3": 1,
		"4": 1,
		"5": 1,
		"6": 1,
		"7": 1,
		"8": 1,
		"9": 1,
		"10": 1,
		"11": 1,
		"12": 1,
		"13": 1,
		"14": 1,
		"15": 1,
		"16": 1,
		"17": 1,
		"18": 1,
		"19": 1,
		"20": 1,
		"21": 1,
		"22": 1,
		"23": 1,
		"24": 1,
		"25": 1,
		"26": 1,
		"27": 1,
		"28": 1,
		"29": 1,
		"30": 1,
		"31": 1,
		"32": 1,
		"33": 1,
		"34": 1,
		"35": 1,
		"36": 1,
		"37": 1,
		"38": 1,
		"39": 1
	},
	"cx": {
		"(0,1)": 0.9629002724287377,
		"(0,7)": 0.9629002724287377,
		"(1,2)": 0.9629002724287377,
		"(2,3)": 0.9629002724287377,
		"(2,8)": 0.9629002724287377,
		"(3,4)": 0.9629002724287377,
		"(4,5)": 0.9629002724287377,
		"(4,9)": 0.9629002724287377,
		"(5,6)": 0.9629002724287377,
		"(6,10)": 0.9629002724287377,
		"(7,11)": 0.9629002724287377,
		"(8,13)": 0.9629002724287377,
		"(9,15)": 0.9629002724287377,
		"(10,17)": 0.9629002724287377,
		"(11,12)": 0.9629002724287377,
		"(11,18)": 0.9629002724287377,
		"(12,13)": 0.9629002724287377,
		"(13,14)": 0.9629002724287377,
		"(13,19)": 0.9629002724287377,
		"(14,15)": 0.9629002724287377,
		"(15,16)": 0.9629002724287377,
		"(15,20)": 0.9629002724287377,
		"(16,17)": 0.9629002724287377,
		"(17,21)": 0.9629002724287377,
		"(18,22)": 0.9629002724287377,
		"(19,24)": 0.9629002724287377,
		"(20,26)": 0.9629002724287377,
		"(21,28)": 0.9629002724287377,
		"(22,23)": 0.9629002724287377,
		"(22,29)": 0.9629002724287377,
		"(23,24)": 0.9629002724287377,
		"(24,25)": 0.9629002724287377,
		"(24,30)": 0.9629002724287377,
		"(25,26)": 0.9629002724287377,
		"(26,27)": 0.9629002724287377,
		"(26,31)": 0.9629002724287377,
		"(27,28)": 0.9629002724287377,
		"(28,32)": 0.9629002724287377,
		"(29,33)": 0.9629002724287377,
		"(30,35)": 0.9629002724287377,
		"(31,37)": 0.9629002724287377,
		"(32,39)": 0.9629002724287377,
		"(33,34)": 0.9629002724287377,
		"(34,35)": 0.9629002724287377,
		"(35,36)": 0.9629002724287377,
		"(36,37)": 0.9629002724287377,
		"(37,38)": 0.9629002724287377,
		"(38,39)": 0.9629002724287377
	}
}