{
	"1Q": [ //native single-qubit gates of the target hardware
		"id",
		"sx",
		"x",
		"u3"
	],
	"2Q": [ //native two-qubit gate of the target hardware
		"cx"
	],
	"id": {
		"1": 1, //"qubit" : success probability of id
		"2": 1,
		"3": 1,
		"4": 1,
		"5": 1,
		"6": 1,
		"7": 1,
		"8": 1
	},
	"sx": {
		"1": 1, //"qubit" : success probability of sx
		"2": 1,
		"3": 1,
		"4": 1,
		"5": 1,
		"6": 1,
		"7": 1,
		"8": 1
	},
	"x": {
		"1": 1, //"qubit" : success probability of x
		"2": 1,
		"3": 1,
		"4": 1,
		"5": 1,
		"6": 1,
		"7": 1,
		"8": 1
	},
	"u3": {
		"1": 1, //"qubit" : success probability of u3
		"2": 1,
		"3": 1,
		"4": 1,
		"5": 1,
		"6": 1,
		"7": 1,
		"8": 1
	},
	"cx": {
		"(0,1)": 0.9629002724287377,
		"(0,3)": 0.9629002724287377,
		"(1,2)": 0.9629002724287377,
		"(2,4)": 0.9629002724287377,
		"(3,5)": 0.9629002724287377,
		"(4,7)": 0.9629002724287377,
		"(5,6)": 0.9629002724287377,
		"(6,7)": 0.9629002724287377
	}
}